epoch,step,train_loss_epoch
0,1,71.217529296875
1,3,71.88005065917969
2,5,72.11959075927734
3,7,67.81767272949219
4,9,70.57548522949219
