epoch,step,train_loss_epoch
0,1,71.3946533203125
1,3,70.53321838378906
2,5,68.50425720214844
3,7,68.58106994628906
4,9,65.7830810546875
