epoch,step,train_loss_epoch
0,1,66.96156311035156
1,3,70.90708923339844
2,5,70.13551330566406
3,7,69.60101318359375
4,9,67.32294464111328
