epoch,step,train_loss_epoch
0,1,64.02336120605469
1,3,71.71116638183594
2,5,65.35954284667969
3,7,71.31851196289062
4,9,69.71054077148438
